Número do Alimento;Descrição dos alimentos;Tipo dos alimentos;Umidade %;Energia kcal;Energia kj;Proteína g;Lipídeos g;Colesterol g;Carboidrato g;Fibra g;Cinzas g;Cálcio g;Magnésio g;Número do alimento;Manganês mg;Fósforo mg;Ferro mg;Sódio mg;Potássio mg;Cobre mg;Zinco mg;Retinol mcg;RE mcg;RAE mcg;Tiamina mg;Riboflavina mg;Piridoxina mg;Niacina mg;Vitamina C mg
1;Arroz integral;Cereais e derivados;70.1;124;517;2.6;1.0;NA;25.8;2.7;0.5;5;59;1;0.63;106;0.3;1;75;0.02;0.7;NA;;;0.08;Tr;0.08;Tr;
3;Arroz branco;Cereais e derivados;69.1;128;537;2.5;0.2;NA;28.1;1.6;0.1;4;2;3;0.30;18;0.1;1;15;0.02;0.5;NA;;;Tr;Tr;Tr;Tr;
7;Aveia;Cereais e derivados;9.1;394;1648;13.9;8.5;NA;66.6;9.1;1.8;48;119;7;1.89;153;4.4;5;336;0.44;2.6;NA;;;0.55;0.03;Tr;4.47;1.4
8;Biscoito maisena;Cereais e derivados;3.2;443;1853;8.1;12.0;NA;75.2;2.1;1.5;54;37;8;0.78;166;1.8;352;142;0.17;1.0;NA;;;1.01;0.42;0.23;3.91;6.2
9;Biscoito recheado com chocolate;Cereais e derivados;2.2;472;1974;6.4;19.6;Tr;70.5;3.0;1.3;27;48;9;0.59;139;2.3;239;232;0.27;1.0;Tr; ; ;0.32;0.39;0.46;2.52;3.5
13;Biscoito cream cracker;Cereais e derivados;4.1;432;1806;10.1;14.4;NA;68.7;2.5;2.7;20;40;13;0.69;148;2.2;854;181;0.18;1.1;NA;;;0.71;0.13;0.17;7.14;
16;Bolo de chocolate;Cereais e derivados;19.3;410;1715;6.2;18.5;77;54.7;1.4;1.3;75;28;16;0.38;197;2.1;283;212;0.05;0.7;Tr; ; ;0.13;0.09;0.05;Tr;Tr
25;Cereal matinal;Cereais e derivados;5.5;365;1529;7.2;1.0;NA;83.8;4.1;2.5;143;11;25;0.06;101;3.1;655;83;0.06;7.6;NA;31;15;0.76;1.02;2.25;11.04;17.3
33;Farinha de milho;Cereais e derivados;11.8;351;1467;7.2;1.5;NA;79.1;5.5;0.5;1;31;33;Tr;84;2.3;45;58;0.27;0.6;NA;18;9;0.25;Tr;0.25;Tr;Tr
35;Farinha de trigo;Cereais e derivados;13.0;360;1508;9.8;1.4;NA;75.1;2.3;0.8;18;31;35;0.46;115;1.0;1;151;0.15;0.8;NA;;;0.31;Tr;Tr;0.89;Tr
37;Lasanha;Cereais e derivados;59.6;164;685;5.8;1.2;NA;32.5;1.6;0.9;10;4;37;0.20;42;1.2;207;54;0.07;0.4;NA;;;0.04;Tr;Tr;3.96; 
40;Macarrão;Cereais e derivados;10.2;371;1553;10.0;1.3;NA;77.9;2.9;0.5;17;28;40;0.53;100;0.9;7;147;0.15;0.8;NA;;;0.18;0.02;Tr;3.57;Tr
42;Amido de milho;Cereais e derivados;12.2;361;1512;0.6;Tr;NA;87.1;0.7;0.1;1;3;42;0.02;13;0.1;8;9;0.02;0.1;NA;;;Tr;Tr;Tr;Tr;Tr
44;Milho verde;Cereais e derivados;63.5;138;578;6.6;0.6;NA;28.6;3.9;0.7;2;33;44;0.12;113;0.4;1;185;0.05;0.5;NA;32;16;0.30;Tr;0.04;Tr;Tr
48;Pão de forma;Cereais e derivados;19.9;343;1435;12.4;5.7;Tr;59.6;6.0;2.5;109;57;48;1.08;182;4.7;606;210;0.14;1.7;Tr; ; ;0.09;0.03;0.08;Tr;Tr
52;Pão de forma integral;Cereais e derivados;34.7;253;1059;9.4;3.7;NA;49.9;6.9;2.3;132;60;52;1.62;193;3.0;506;163;0.15;1.6;NA;;;0.08;0.04;0.15;Tr;Tr
53;Pão francês;Cereais e derivados;28.5;300;1254;8.0;3.1;NA;58.6;2.3;1.8;16;25;53;0.46;95;1.0;648;142;0.13;0.8;3;;;0.39;0.67;0.60;2.34; 
61;Pipoca sem sal;Cereais e derivados;2.8;448;1876;9.9;15.9;NA;70.3;14.3;1.0;3;91;61;0.65;225;1.2;4;256;0.46;2.0;NA;;;0.03;0.03;Tr;Tr;Tr
62;Polenta;Cereais e derivados;72.7;103;430;2.3;0.3;NA;23.3;2.4;1.4;1;4;62;Tr;17;Tr;442;100;0.04;0.1;NA;;;0.04;Tr;Tr;Tr;Tr
121;Farinha de mandioca;Verduras e derivados;9.4;361;1510;1.6;0.3;NA;87.9;6.4;0.9;65;37;121;Tr;42;1.1;1;340;0.08;0.4;NA;;;0.14;Tr;0.04;Tr;Tr
146;Polvilho;Verduras e derivados;12.6;351;1470;0.4;Tr;NA;86.8;0.2;0.2;27;4;146;0.09;8;0.5;2;38;Tr;Tr;NA;;;Tr;Tr;Tr;Tr;Tr
64;Abóbora cabotian;Verduras e derivados;86.4;48;201;1.4;0.7;NA;10.8;2.5;0.7;8;9;64;0.26;33;0.3;1;199;0.06;0.3;NA;;;0.08;Tr;0.07;Tr;7.5
67;Abóbora moranga;Verduras e derivados;95.9;12;52;1.0;0.1;NA;2.7;1.7;0.4;3;2;67;0.01;8;Tr;Tr;125;0.05;0.1;NA;278;139;Tr;Tr;0.06;Tr;9.6
70;Abobrinha;Verduras e derivados;95.3;15;63;1.1;0.2;NA;3.0;1.6;0.4;17;17;70;0.11;22;0.2;1;126;0.01;0.3;NA;;;0.05;Tr;0.06;Tr;2.1
74;Acelga;Verduras e derivados;93.2;21;88;1.4;0.1;NA;4.6;1.1;0.6;43;10;74;0.11;40;0.3;1;240;0.10;0.3;NA;;;0.04;Tr;0.16;Tr;22.6
75;Agrião;Verduras e derivados;93.9;17;69;2.7;0.2;NA;2.3;2.1;0.9;133;18;75;0.28;51;3.1;7;218;0.10;0.7;NA;458;229;0.11;0.23;0.09;1.19;60.1
77;Alface;Verduras e derivados;97.2;9;37;0.6;0.1;NA;1.7;1.0;0.3;14;6;77;0.12;19;0.3;7;136;0.02;0.2;NA;;;0.03;Tr;0.04;Tr;11.0
81;Alfavaca;Verduras e derivados;90.2;29;122;2.7;0.5;NA;5.2;4.1;1.4;258;84;81;0.15;50;1.3;5;261;0.15;0.7;NA;;;Tr;0.12;0.56;Tr;Tr
82;Alho;Verduras e derivados;67.5;113;473;7.0;0.2;NA;23.9;4.3;1.3;14;21;82;0.24;149;0.8;5;535;0.15;0.8;NA;;;0.18;Tr;0.44;Tr;*
83;Alho-poró;Verduras e derivados;91.0;32;132;1.4;0.1;NA;6.9;2.5;0.6;34;11;83;0.10;36;0.6;2;224;0.29;0.2;NA;16;8;0.06;Tr;0.08;0.34;14.1
84;Almeirão;Verduras e derivados;93.7;18;75;1.8;0.2;NA;3.3;2.6;1.0;19;21;84;0.17;40;0.7;2;369;0.10;0.3;NA;566;283;0.10;0.18;Tr;0.63;1.7
86;Batata;Verduras e derivados;79.3;80;335;0.9;0.2;NA;18.9;1.8;0.8;12;8;86;0.22;29;0.4;2;258;0.15;0.4;NA;;;0.06;Tr;Tr;1.98;17.1
88;Batata doce;Verduras e derivados;80.4;77;321;0.6;0.1;NA;18.4;2.2;0.4;17;11;88;0.14;15;0.2;3;148;0.06;0.1;NA;;;0.08;Tr;0.05;2.57;23.8
93;Batata inglesa frita;Verduras e derivados;44.1;267;1118;5.0;13.1;NA;35.6;8.1;2.2;6;14;93;0.15;70;0.4;2;489;0.10;0.4;NA;;;0.17;Tr;0.10;2.51;16.3
96;Berinjela;Verduras e derivados;93.8;20;82;1.2;0.1;NA;4.4;2.9;0.4;9;13;96;0.10;20;0.2;Tr;205;0.06;0.1;NA;24;12;0.04;0.05;Tr;Tr;3.0
97;Beterraba;Verduras e derivados;90.6;32;135;1.3;0.1;NA;7.2;1.9;0.8;15;17;97;0.19;30;0.2;23;245;0.04;0.4;NA;;;0.09;Tr;Tr;Tr;1.2
100;Brócolis;Verduras e derivados;92.6;25;103;2.1;0.5;NA;4.4;3.4;0.4;51;15;100;0.12;33;0.5;2;119;0.08;0.2;NA;;;0.04;0.03;Tr;Tr;42.0
101;Brócolis;Verduras e derivados;91.2;25;107;3.6;0.3;NA;4.0;2.9;0.8;86;30;101;0.26;78;0.6;3;322;0.06;0.5;NA;279;140;0.12;0.18;0.08;1.39;34.3
102;Cará;Verduras e derivados;78.9;78;325;1.5;0.1;NA;18.9;2.6;0.6;5;15;102;0.02;28;0.3;1;203;0.11;0.2;NA;;;0.12;Tr;0.12;Tr;Tr
104;Caruru;Verduras e derivados;87.6;34;142;3.2;0.6;NA;6.0;4.5;2.6;455;197;104;0.89;77;4.5;14;279;0.37;6.0;NA;1906;953;Tr;0.10;0.11;Tr;5.4
107;Cebola;Verduras e derivados;88.9;39;165;1.7;0.1;NA;8.9;2.2;0.4;14;12;107;0.13;38;0.2;1;176;0.05;0.2;NA;;;0.04;Tr;0.14;Tr;4.7
108;Cebolinha;Verduras e derivados;93.9;20;82;1.9;0.4;NA;3.4;3.6;0.5;80;25;108;0.13;27;0.6;2;206;0.04;0.3;NA;134;67;0.03;0.04;0.08;Tr;31.8
109;Cenoura;Verduras e derivados;91.7;30;125;0.8;0.2;NA;6.7;2.6;0.6;26;14;109;0.05;27;0.1;8;176;0.02;0.2;NA;612;306;0.07;Tr;0.06;2.68;Tr
111;Chicória;Verduras e derivados;95.1;14;58;1.1;0.1;NA;2.9;2.2;0.8;45;14;111;0.13;13;0.5;14;425;0.04;0.1;NA;;;0.03;0.10;Tr;0.68;6.5
112;Chuchu;Verduras e derivados;94.6;19;78;0.4;Tr;NA;4.8;1.0;0.2;8;7;112;0.07;13;0.1;2;54;Tr;0.1;NA;;;0.03;Tr;Tr;Tr;5.6
114;Coentro;Verduras e derivados;10.6;309;1293;20.9;10.4;NA;48.0;37.3;10.2;784;393;114;10.48;388;81.4;18;3223;4.09;4.7;NA;;;0.10;0.11;0.09;Tr;40.8
115;Couve;Verduras e derivados;90.9;27;113;2.9;0.5;NA;4.3;3.1;1.3;131;35;115;1.02;49;0.5;6;403;0.06;0.4;NA;496;248;0.20;0.31;0.06;2.29;96.7
117;Couve-flor;Verduras e derivados;92.8;23;94;1.9;0.2;NA;4.5;2.4;0.6;18;12;117;0.16;57;0.5;3;256;0.03;0.3;NA;2;1;0.03;0.09;0.10;Tr;36.1
119;Espinafre;Verduras e derivados;94.0;16;67;2.0;0.2;NA;2.6;2.1;1.2;98;82;119;0.71;25;0.4;17;336;0.06;0.3;NA;484;242;0.10;0.21;0.06;Tr;2.4
126;Inhame;Verduras e derivados;73.3;97;405;2.1;0.2;NA;23.2;1.7;1.2;12;29;126;0.15;65;0.4;Tr;568;0.17;0.3;NA;;;0.08;Tr;0.11;Tr;5.6
127;Jiló;Verduras e derivados;91.6;27;114;1.4;0.2;NA;6.2;4.8;0.6;20;21;127;0.14;29;0.3;Tr;213;0.07;0.1;NA;13;6;0.07;0.04;Tr;Tr;6.8
129;Mandioca cozida;Verduras e derivados;68.7;125;524;0.6;0.3;NA;30.1;1.6;0.4;19;27;129;0.06;22;0.1;1;100;0.01;0.2;NA;;;0.06;Tr;0.03;Tr;11.1
130;Mandioca crua;Verduras e derivados;61.8;151;634;1.1;0.3;NA;36.2;1.9;0.6;15;44;130;0.05;29;0.3;2;208;0.07;0.2;NA;;;Tr;Tr;0.04;Tr;16.5
133;Manjericão;Verduras e derivados;93.0;21;88;2.0;0.4;NA;3.6;3.3;1.0;211;58;133;0.17;40;1.0;4;252;0.16;0.5;NA;1035;517;0.06;0.21;0.06;0.90;2.3
134;Maxixe;Verduras e derivados;95.1;14;58;1.4;0.1;NA;2.7;2.2;0.7;21;10;134;0.07;25;0.4;11;328;0.02;0.2;NA;6;3;0.06;0.02;0.04;Tr;9.6
135;Folha de mostarda;Verduras e derivados;93.4;18;76;2.1;0.2;NA;3.2;1.9;1.1;68;16;135;0.14;58;1.1;3;364;0.05;0.3;NA;;;0.05;0.04;0.05;Tr;38.6
137;Nabo;Verduras e derivados;93.8;18;76;1.2;0.1;NA;4.1;2.6;0.8;42;15;137;4.42;17;0.2;2;280;0.02;0.2;NA;;;0.07;Tr;0.03;Tr;9.6
138;Palmito juçara;Verduras e derivados;91.4;23;97;1.8;0.4;NA;4.3;3.2;2.1;58;34;138;10.82;40;0.3;514;244;0.23;0.7;NA;;;0.06;0.04;Tr;Tr;2.0
142;Pepino;Verduras e derivados;96.8;10;40;0.9;Tr;NA;2.0;1.1;0.3;10;9;142;0.08;12;0.1;Tr;154;0.04;0.1;NA;4;2;Tr;0.03;Tr;Tr;5.0
143;Pimentão amarelo;Verduras e derivados;91.9;28;117;1.2;0.4;NA;6.0;1.9;0.5;10;11;143;0.08;22;0.4;Tr;221;0.04;0.2;NA;40;20;0.04;0.03;0.06;Tr;201.4
144;Pimentão verde;Verduras e derivados;93.5;21;89;1.1;0.2;NA;4.9;2.6;0.4;9;8;144;0.14;17;0.4;Tr;174;0.07;0.1;NA;46;23;Tr;Tr;Tr;Tr;100.2
145;Pimentão vermelho;Verduras e derivados;92.9;23;97;1.0;0.1;NA;5.5;1.6;0.4;6;11;145;0.06;20;0.3;Tr;211;0.04;0.2;NA;86;43;0.05;0.06;0.02;Tr;158.2
147;Quiabo;Verduras e derivados;90.6;30;125;1.9;0.3;NA;6.4;4.6;0.8;112;50;147;0.46;56;0.4;1;249;0.17;0.6;NA;49;25;0.10;Tr;0.03;Tr;5.6
148;Rabanete;Verduras e derivados;95.1;14;57;1.4;0.1;NA;2.7;2.2;0.7;21;10;148;0.07;25;0.4;11;328;0.02;0.2;NA;;;0.06;0.02;0.04;Tr;9.6
149;Repolho branco;Verduras e derivados;94.7;17;72;0.9;0.1;NA;3.9;1.9;0.4;35;9;149;0.13;14;0.2;4;150;0.02;0.2;NA;6;3;Tr;0.03;0.06;Tr;18.7
152;Rúcula;Verduras e derivados;94.8;13;55;1.8;0.1;NA;2.2;1.7;1.1;117;18;152;0.24;25;0.9;9;233;0.04;0.2;NA;533;266;0.04;Tr;Tr;0.35;46.3
153;Salsa;Verduras e derivados;88.7;33;140;3.3;0.6;NA;5.7;1.9;1.8;179;21;153;1.88;49;3.2;2;711;0.20;1.3;NA;1743;872;0.12;0.15;0.47;0.72;51.7
157;Tomate;Verduras e derivados;95.1;15;64;1.1;0.2;NA;3.1;1.2;0.5;7;11;157;0.07;20;0.2;1;222;0.04;0.1;NA;54;27;0.12;Tr;0.02;Tr;21.2
162;Vagem;Verduras e derivados;92.2;25;104;1.8;0.2;NA;5.3;2.4;0.5;41;18;162;0.50;28;0.4;Tr;208;0.06;0.3;NA;32;16;Tr;0.08;Tr;Tr;1.2
163;Abacate;Frutas e derivados;83.8;96;402;1.2;8.4;NA;6.0;6.3;0.5;8;15;163;0.17;22;0.2;Tr;206;0.15;0.2;NA;;;Tr;0.04;Tr;Tr;8.7
164;Abacaxi;Frutas e derivados;86.3;48;202;0.9;0.1;NA;12.3;1.0;0.4;22;18;164;1.62;13;0.3;Tr;131;0.11;0.1;NA;;;0.17;0.02;Tr;Tr;34.6
169;Acerola;Frutas e derivados;90.5;33;140;0.9;0.2;NA;8.0;1.5;0.4;13;13;169;0.07;9;0.2;Tr;165;0.07;0.1;NA;247;124;Tr;0.04;Tr;1.38;941.4
170;Polpa de acerola;Frutas e derivados;93.6;22;92;0.6;Tr;NA;5.5;0.7;0.3;8;9;170;0.03;13;0.2;1;112;0.04;0.1;NA;192;96;Tr;0.10;Tr;Tr;623.2
172;Ameixa;Frutas e derivados;84.8;53;220;0.8;Tr;NA;13.9;2.4;0.6;6;5;172;0.03;14;0.1;Tr;134;0.06;0.1;NA;27;14;0.07;Tr;0.03;Tr;7.6
175;Banana da terra;Frutas e derivados;63.9;128;536;1.4;0.2;NA;33.7;1.5;0.8;4;24;175;0.16;26;0.3;Tr;328;0.05;0.2;NA;239;119;0.03;0.02;0.14;Tr;15.7
178;Banana maçã;Frutas e derivados;75.2;87;363;1.8;0.1;NA;22.3;2.6;0.6;3;24;178;0.60;29;0.2;Tr;264;0.11;0.1;NA;6;3;Tr;Tr;0.14;Tr;10.5
179;Banana nanica;Frutas e derivados;73.8;92;383;1.4;0.1;NA;23.8;1.9;0.8;3;28;179;0.14;27;0.3;Tr;376;0.10;0.2;NA;14;7;Tr;0.02;0.14;Tr;5.9
182;Banana prata;Frutas e derivados;71.9;98;411;1.3;0.1;NA;26.0;2.0;0.8;8;26;182;0.42;22;0.4;Tr;358;0.05;0.1;NA;32;16;Tr;0.02;0.10;Tr;21.6
183;Cacau;Frutas e derivados;79.2;74;311;1.0;0.1;NA;19.4;2.2;0.3;12;25;183;0.04;9;0.3;1;72;0.15;0.6;NA;;;0.25;Tr;0.04;Tr;13.6
184;Cajá-Manga;Frutas e derivados;86.9;46;191;1.3;Tr;NA;11.4;2.6;0.4;13;11;184;0.05;24;0.2;1;119;0.02;0.2;NA;;;0.11;Tr;0.05;Tr;26.7
186;Caju;Frutas e derivados;88.1;43;180;1.0;0.3;NA;10.3;1.7;0.3;1;10;186;0.12;16;0.2;3;124;0.07;0.1;NA;15;7;Tr;Tr;Tr;Tr;219.3
189;Caqui;Frutas e derivados;79.7;71;299;0.4;0.1;NA;19.3;6.5;0.5;18;9;189;0.39;18;0.1;2;164;Tr;0.2;NA;;;Tr;Tr;0.03;Tr;29.6
190;Carambola;Frutas e derivados;87.1;46;191;0.9;0.2;NA;11.5;2.0;0.4;5;7;190;0.13;11;0.2;4;133;0.08;0.2;NA;;;0.12;Tr;Tr;Tr;60.9
191;Ciriguela;Frutas e derivados;78.7;76;316;1.4;0.4;NA;18.9;3.9;0.7;27;18;191;0.06;49;0.4;2;248;0.12;0.5;NA;;;0.14;Tr;Tr;Tr;27.0
192;Cupuaçu;Frutas e derivados;86.2;49;207;1.2;1.0;NA;10.4;3.1;1.2;13;18;192;0.07;21;0.5;3;331;0.07;0.3;NA;;;0.37;0.04;0.07;4.34;24.5
194;Figo;Frutas e derivados;88.2;41;173;1.0;0.2;NA;10.2;1.8;0.4;27;11;194;0.06;15;0.2;Tr;174;0.13;0.1;NA;;;0.05;Tr;Tr;Tr;0.8
196;Fruta-pão;Frutas e derivados;80.9;67;281;1.1;0.2;NA;17.2;5.5;0.7;34;24;196;0.04;27;0.2;1;188;0.07;0.1;NA;;;0.03;Tr;Tr;Tr;9.9
197;Goiaba branca;Frutas e derivados;85.7;52;216;0.9;0.5;NA;12.4;6.3;0.5;5;7;197;0.07;16;0.2;Tr;220;0.04;0.2;NA;;;Tr;Tr;0.03;Tr;99.2
200;Goiaba vermelha;Frutas e derivados;85.0;54;227;1.1;0.4;NA;13.0;6.2;0.5;4;7;200;0.09;15;0.2;Tr;198;0.04;0.1;NA;38;19;Tr;Tr;0.03;Tr;80.6
201;Graviola;Frutas e derivados;82.2;62;258;0.8;0.2;NA;15.8;1.9;1.0;40;23;201;0.08;19;0.2;4;250;0.04;0.1;NA;;;0.17;0.12;0.03;Tr;19.1
203;Jabuticaba;Frutas e derivados;83.6;58;243;0.6;0.1;NA;15.3;2.3;0.4;8;18;203;0.30;15;0.1;Tr;130;0.07;0.3;NA;;;0.06;Tr;Tr;Tr;16.2
204;Jaca;Frutas e derivados;75.1;88;368;1.4;0.3;NA;22.5;2.4;0.8;11;40;204;0.48;14;0.4;2;234;0.09;0.2;NA;;;0.10;0.04;0.05;Tr;14.8
205;Jambo;Frutas e derivados;92.1;27;113;0.9;0.1;NA;6.5;5.1;0.5;14;14;205;0.05;18;0.1;22;135;0.02;0.1;NA;;;0.08;Tr;Tr;1.18;3.8
206;Jamelão;Frutas e derivados;87.7;41;172;0.5;0.1;NA;10.6;1.8;1.0;3;2;206;Tr;4;0.0;1;394;0.03;0.0;NA;8;4;0.17;Tr;0.12;Tr;27.1
207;Kiwi;Frutas e derivados;85.9;51;214;1.3;0.6;NA;11.5;2.7;0.7;24;11;207;0.05;33;0.3;Tr;269;0.15;0.1;NA;5;3;Tr;Tr;0.06;Tr;70.8
208;Laranja baía;Frutas e derivados;87.1;45;190;1.0;0.1;NA;11.5;1.1;0.4;35;9;208;0.04;24;0.1;Tr;174;0.04;0.1;NA;4;2;0.06;0.02;Tr;Tr;56.9
210;Laranja da terra;Frutas e derivados;85.4;51;215;1.1;0.2;NA;12.9;4.0;0.5;51;14;210;0.04;20;0.1;1;173;0.04;0.2;NA;;;0.07;0.09;0.03;Tr;34.7
212;Laranja lima;Frutas e derivados;87.0;46;191;1.1;0.1;NA;11.5;1.8;0.4;31;10;212;0.05;15;0.1;1;130;0.03;0.1;NA;;;0.09;0.05;0.04;Tr;43.5
214;Laranja pêra;Frutas e derivados;89.6;37;154;1.0;0.1;NA;8.9;0.8;0.3;22;9;214;0.05;23;0.1;Tr;163;0.03;0.1;NA;1;0;0.07;0.02;0.02;Tr;53.7
216;Laranja valência;Frutas e derivados;86.9;46;193;0.8;0.2;NA;11.7;1.7;0.4;34;14;216;0.06;20;0.1;1;158;0.04;0.1;NA;;;0.07;0.04;0.03;Tr;47.8
218;Limão cravo;Frutas e derivados;94.2;14;59;0.3;Tr;NA;5.2;Tr;0.2;10;9;218;0.03;11;0.1;Tr;120;0.03;;NA;31;16;Tr;Tr;Tr;Tr;32.8
219;Limão galego;Frutas e derivados;91.8;22;93;0.6;0.1;NA;7.3;Tr;0.3;5;6;219;0.01;13;0.1;Tr;113;0.02;0.1;NA;;;Tr;Tr;0.03;Tr;34.5
220;Limão tahiti;Frutas e derivados;87.4;32;133;0.9;0.1;NA;11.1;1.2;0.4;51;10;220;0.07;24;0.2;1;128;0.06;0.2;NA;;;0.30;0.04;Tr;Tr;38.2
221;Maçã Argentina;Frutas e derivados;82.6;63;262;0.2;0.2;NA;16.6;2.0;0.3;3;5;221;0.01;11;0.1;1;117;0.03;Tr;NA;;;0.05;Tr;Tr;Tr;1.5
222;Maçã Fujia;Frutas e derivados;84.3;56;232;0.3;Tr;NA;15.2;1.3;0.2;2;2;222;0.03;9;0.1;Tr;75;0.06;Tr;NA;4;2;Tr;Tr;0.03;Tr;2.4
225;Mamão Formosa;Frutas e derivados;86.9;45;190;0.8;0.1;NA;11.6;1.8;0.6;25;17;225;0.04;11;0.2;3;222;1.36;0.1;NA;148;74;0.03;0.03;Tr;Tr;78.5
226;Mamão Papaia;Frutas e derivados;88.6;40;168;0.5;0.1;NA;10.4;1.0;0.4;22;22;226;0.01;11;0.2;2;126;0.02;0.1;NA;118;59;0.03;0.04;Tr;1.03;82.2
228;Manga Haden;Frutas e derivados;82.3;64;266;0.4;0.3;NA;16.7;1.6;0.4;12;8;228;0.17;9;0.1;1;148;0.10;0.1;NA;162;81;0.02;0.06;0.05;Tr;17.4
229;Manga Palmer;Frutas e derivados;79.7;72;303;0.4;0.2;NA;19.4;1.6;0.3;12;9;229;0.05;14;0.1;2;157;0.09;0.1;NA;787;393;0.09;0.03;Tr;Tr;65.5
231;Manga Tommy Atkins;Frutas e derivados;85.8;51;212;0.9;0.2;NA;12.8;2.1;0.3;8;7;231;0.34;14;0.1;Tr;138;0.06;0.1;NA;118;59;Tr;0.04;0.03;Tr;7.9
232;Maracujá;Frutas e derivados;82.9;68;286;2.0;2.1;NA;12.3;1.1;0.8;5;28;232;0.12;51;0.6;2;338;0.19;0.4;NA;114;57;Tr;0.05;0.05;Tr;19.8
235;Melancia;Frutas e derivados;90.7;33;136;0.9;Tr;NA;8.1;0.1;0.3;8;10;235;0.14;12;0.2;Tr;104;0.04;0.1;NA;61;31;Tr;Tr;Tr;Tr;6.1
236;Melão;Frutas e derivados;91.3;29;123;0.7;Tr;NA;7.5;0.3;0.5;3;6;236;0.05;10;0.2;11;216;0.04;0.1;NA;2;1;Tr;Tr;0.02;Tr;8.7
237;Mexerica Murcote;Frutas e derivados;83.7;58;241;0.9;0.1;NA;14.9;3.1;0.5;33;12;237;0.05;19;0.1;1;159;0.06;0.1;NA;;;0.08;0.07;0.05;Tr;21.8
238;Mexerica Rio;Frutas e derivados;89.6;37;154;0.7;0.1;NA;9.3;2.7;0.3;17;8;238;0.05;14;0.1;2;125;0.07;0.2;NA;;;0.03;Tr;Tr;Tr;112.0
239;Morango;Frutas e derivados;91.5;30;126;0.9;0.3;NA;6.8;1.7;0.5;11;10;239;0.33;22;0.3;Tr;184;0.06;0.2;NA;;;Tr;0.03;0.03;Tr;63.6
240;Nêspera;Frutas e derivados;87.8;43;178;0.3;Tr;NA;11.5;3.0;0.4;20;10;240;0.07;10;0.1;Tr;113;0.12;0.1;NA;170;85;Tr;Tr;Tr;Tr;3.2
241;Pequi;Frutas e derivados;65.9;205;858;2.3;18.0;NA;13.0;19.0;0.8;32;30;241;0.64;34;0.3;Tr;298;0.21;1.0;NA;60;30;0.17;0.48;0.06;2.57;8.3
242;Pêra Park;Frutas e derivados;83.2;61;254;0.2;0.2;NA;16.1;3.0;0.3;9;6;242;0.04;12;0.3;1;102;0.08;0.1;NA;;;0.06;Tr;Tr;Tr;2.4
243;Pêra Williams;Frutas e derivados;85.0;53;223;0.6;0.1;NA;14.0;3.0;0.3;8;6;243;0.04;12;0.1;Tr;116;0.07;0.1;NA; ; ;Tr;Tr;Tr;Tr;2.8
244;Pêssego;Frutas e derivados;89.3;36;152;0.8;Tr;NA;9.3;1.4;0.5;3;4;244;0.05;15;0.2;Tr;124;0.02;0.1;NA;;;0.05;Tr;Tr;Tr;3.3
246;Pinha;Frutas e derivados;75.0;88;370;1.5;0.3;NA;22.4;3.4;0.7;21;31;246;0.15;34;0.2;1;283;0.11;0.2;NA;;;0.12;0.04;0.09;Tr;35.9
247;Pitanga;Frutas e derivados;88.3;41;173;0.9;0.2;NA;10.2;3.2;0.4;18;12;247;0.36;13;0.4;2;113;0.08;0.4;NA;154;77;0.03;0.10;Tr;Tr;24.9
249;Romã;Frutas e derivados;84.0;56;233;0.4;Tr;NA;15.1;0.4;0.5;5;13;249;0.13;40;0.3;1;485;0.19;0.7;NA;;;0.12;0.17;0.05;Tr;8.1
250;Tamarindo;Frutas e derivados;22.0;276;1154;3.2;0.5;NA;72.5;6.4;1.9;37;59;250;0.34;55;0.6;0;723;0.29;0.7;NA;;;0.31;Tr;0.10;Tr;7.2
251;Tangerina;Frutas e derivados;89.2;38;158;0.8;0.1;NA;9.6;0.9;0.3;13;8;251;0.04;12;0.1;Tr;131;0.03;Tr;NA;47;24;0.06;0.02;0.02;Tr;48.8
254;Umbu;Frutas e derivados;89.3;37;155;0.8;Tr;NA;9.4;2.0;0.5;12;11;254;0.03;13;0.1;Tr;152;0.04;0.4;NA;;;0.05;0.06;0.03;Tr;24.1
256;Uva;Frutas e derivados;85.0;53;221;0.7;0.2;NA;13.6;0.9;0.6;7;5;256;0.13;12;0.1;Tr;162;0.11;Tr;NA;5;3;Tr;Tr;0.03;Tr;3.3
260;Azeite de oliva (extra virgem);Gorduras e óleos;NA;884;3699;NA;100.0;NA;NA;NA;;;;260;;;;;;;;NA;;;;;;;
261;Manteiga com sal;Gorduras e óleos;15.8;726;3037;0.4;82.4;201;0.1;NA;1.4;9;1;261;Tr;28;0.2;579;15;Tr;Tr;924;;;Tr;Tr;Tr;Tr;Tr
263;Margarina com óleo hidrogenado e sal (65% de lipídeos);Gorduras e óleos;32.2;596;2494;Tr;67.4;NA;0.0;NA;1.9;6;1;263;Tr;7;0.1;894;21;Tr;Tr;462;;;Tr;Tr;Tr;Tr;Tr
272;Óleo de soja;Gorduras e óleos;NA;884;3699;NA;100.0;NA;NA;NA;;;;272;;;;;;;;NA;;;;;;;
277;Atum em conserva;Pescados e frutos do mar;64.5;166;694;26.2;6.0;53;0.0;NA;1.5;7;29;277;Tr;211;1.2;362;280;0.04;0.6;Tr;Tr;Tr;0.15;0.03;Tr;3.17;
278;Atum fresco;Pescados e frutos do mar;73.1;118;492;25.7;0.9;48;0.0;NA;1.3;7;32;278;Tr;254;1.3;30;308;0.09;0.4;20;20;20;Tr;0.04;Tr;5.94;
279;Bacalhau;Pescados e frutos do mar;47.9;136;569;29.0;1.3;139;0.0;NA;22.5;157;49;279;0.03;186;0.9;13585;434;0.09;0.7;Tr;Tr;Tr;Tr;0.21;Tr;*;
284;Camarão;Pescados e frutos do mar;78.7;90;377;19.0;1.0;241;0.0;NA;1.7;90;19;284;0.06;266;1.3;367;102;0.17;1.2;Tr;Tr;Tr;Tr;Tr;Tr;1.07;
287;Caranguejo;Pescados e frutos do mar;77.0;83;346;18.5;0.4;85;0.0;NA;3.5;357;52;287;0.07;154;2.9;360;186;0.72;5.7;Tr;Tr;Tr;0.04;0.31;Tr;4.17;Tr
293;Corvina grande assada;Pescados e frutos do mar;69.0;147;613;26.8;3.6;117;0.0;NA;1.3;60;24;293;0.03;176;0.5;85;291;0.02;0.7;Tr;Tr;Tr;0.11;0.10;Tr;4.23;
301;Merluza;Pescados e frutos do mar;82.1;89;373;16.6;2.0;57;0.0;NA;1.1;20;27;302;0.01;185;0.2;80;340;Tr;0.3;Tr;Tr;Tr;Tr;Tr;Tr;1.34;
304;Pescada branca;Pescados e frutos do mar;79.6;111;464;16.3;4.6;51;0.0;NA;0.9;16;19;304;0.01;136;0.2;76;261;Tr;0.3;3;3;3;Tr;0.04;Tr;0.60;
307;Pescada filé;Pescados e frutos do mar;79.5;107;449;16.7;4.0;65;0.0;NA;0.9;14;23;307;0.01;141;0.2;77;253;Tr;0.3;48;48;48;Tr;0.05;Tr;3.10;
311;Pintado assado;Pescados e frutos do mar;57.0;192;801;36.5;4.0;126;0.0;NA;2.0;114;42;311;0.08;332;0.8;81;527;0.04;2.1;7;7;7;0.03;Tr;Tr;6.63;
312;Pintado cru;Pescados e frutos do mar;80.3;91;381;18.6;1.3;50;0.0;NA;1.1;12;24;312;0.01;174;0.2;43;294;0.03;0.4;Tr;Tr;Tr;Tr;Tr;Tr;4.95;
318;Sardinha;Pescados e frutos do mar;60.1;164;688;32.2;3.0;109;0.0;NA;4.4;438;51;318;0.24;578;1.3;74;574;0.14;1.8;Tr;Tr;Tr;0.06;Tr;Tr;5.83;
326;Carne bovina moída, cozido;Carnes e derivados;61.6;212;889;26.7;10.9;103;0.0;NA;0.8;4;17;326;0.01;164;2.7;52;256;0.06;8.1;Tr;Tr;Tr;Tr;0.32;Tr;1.76;
328;Carne bovina sem gordura, cozido;Carnes e derivados;60.4;215;898;27.3;10.9;107;0.0;NA;0.8;7;14;328;Tr;164;2.4;56;254;0.07;8.0;Tr;Tr;Tr;Tr;0.04;0.07;1.63;
344;Contra-filé com gordura, grelhado;Carnes e derivados;51.7;278;1163;32.4;15.5;144;0.0;NA;1.2;4;19;344;Tr;219;2.4;57;352;0.09;4.8;Tr;Tr;Tr;Tr;0.18;0.13;4.91;
346;Contra-filé sem gordura, grelhado;Carnes e derivados;57.5;194;810;35.9;4.5;102;0.0;NA;1.3;5;21;346;Tr;241;2.4;58;386;0.09;5.1;Tr;Tr;Tr;Tr;0.17;0.16;4.93;
349;Coxão duro sem gordura, cozido;Carnes e derivados;58.5;217;906;31.9;8.9;71;0.0;NA;0.9;4;14;349;Tr;189;1.7;41;252;0.07;5.0;2;2;2;Tr;Tr;Tr;3.26;
351;Coxão mole sem gordura, cozido;Carnes e derivados;58.0;219;915;32.4;8.9;84;0.0;NA;1.2;4;13;351;Tr;183;2.6;44;239;0.11;4.7;2;2;2;Tr;Tr;Tr;4.09;
356;Fígado grelhado;Carnes e derivados;55.0;225;942;29.9;9.0;601;4.2;NA;2.0;6;10;356;0.22;420;5.8;82;309;12.58;4.0;14574;14574;14574;0.21;2.69;Tr;11.92;
358;Filé mingnon sem gordura;Carnes e derivados;57.0;220;919;32.8;8.8;103;0.0;NA;1.3;4;28;358;0.02;308;2.9;58;326;0.14;4.1;Tr;Tr;Tr;0.03;0.08;0.05;4.27;
363;Carne bovina de lagarto;Carnes e derivados;57.6;222;931;32.9;9.1;56;0.0;NA;0.9;4;13;363;Tr;167;1.9;48;254;0.05;7.0;3;3;3;Tr;Tr;Tr;2.55;
371;Músculo de carne bovina;Carnes e derivados;62.8;194;811;31.2;6.7;56;0.0;NA;0.9;5;13;371;Tr;176;2.4;62;253;0.08;6.4;2;2;2;Tr;Tr;Tr;1.97;
374;Paleta de carne bovina;Carnes e derivados;62.9;194;810;29.7;7.4;56;0.0;NA;0.8;6;18;374;Tr;197;2.2;58;250;0.10;6.8;Tr;Tr;Tr;0.03;0.04;Tr;2.16;
377;Patinho;Carnes e derivados;55.2;219;917;35.9;7.3;126;0.0;NA;1.3;5;27;377;0.02;289;3.0;60;421;0.12;8.1;Tr;Tr;Tr;0.04;0.03;Tr;3.01;
381;Picanha com gordura;Carnes e derivados;53.4;289;1208;26.4;19.5;92;0.0;NA;1.1;4;24;381;Tr;246;3.2;60;355;0.14;5.5;Tr;Tr;Tr;0.03;0.06;0.13;1.60;
383;Picanha sem gordura;Carnes e derivados;54.6;238;998;31.9;11.3;100;0.0;NA;1.2;4;25;383;0.02;282;3.6;61;377;0.17;6.7;Tr;Tr;Tr;Tr;0.08;0.03;1.82;
395;Coração de frango grelhado;Carnes e derivados;63.5;207;867;22.4;12.1;280;0.6;NA;1.3;8;20;395;0.06;276;6.5;128;243;0.30;3.4;Tr;Tr;Tr;0.20;0.19;Tr;9.70;
396;Coxa de frango assada;Carnes e derivados;59.8;215;900;28.5;10.4;145;0.1;NA;1.3;8;14;396;Tr;251;1.2;95;318;0.05;2.6;6;6;6;0.05;0.05;Tr;10.40;
403;Frango assado;Carnes e derivados;63.2;187;784;28.0;7.5;111;0.0;NA;1.2;9;14;403;Tr;233;0.6;70;283;0.03;1.6;Tr;Tr;Tr;0.09;Tr;Tr;11.20;
404;Frango cozido;Carnes e derivados;67.5;170;713;25.0;7.1;99;0.0;NA;0.9;8;12;404;Tr;194;0.5;51;217;0.04;1.2;Tr;Tr;Tr;0.10;Tr;Tr;12.83;
410;Peito de frango grelhado;Carnes e derivados;63.8;159;666;32.0;2.5;89;0.0;NA;1.4;5;18;410;Tr;295;0.3;50;387;0.02;0.8;Tr;Tr;Tr;0.11;Tr;Tr;24.83;
411;Sobrecoxa de frango grelhada;Carnes e derivados;55.0;260;1086;28.7;15.2;158;0.0;NA;1.3;11;15;411;Tr;252;1.2;96;323;0.06;2.2;8;8;8;0.10;0.05;Tr;11.20;
413;Sobrecoxa de frango assada;Carnes e derivados;55.6;233;974;29.2;12.0;145;0.0;NA;1.5;12;17;413;Tr;281;1.2;106;382;0.07;2.2;11;11;11;0.10;0.05;Tr;10.20;
421;Linguiça;Carnes e derivados;62.5;227;951;16.1;17.6;53;0.0;NA;3.2;6;14;421;0.01;157;0.4;1176;316;0.04;1.4;Tr;;;0.49;0.05;Tr;2.60;
428;Bisteca de porco frita;Carnes e derivados;47.3;311;1302;33.7;18.5;126;0.0;NA;1.6;69;29;428;0.01;290;0.8;63;404;0.07;2.2;10;10;10;0.34;Tr;Tr;3.25;
432;Lombo de porco assado;Carnes e derivados;56.6;210;880;35.7;6.4;103;0.0;NA;1.4;20;18;432;Tr;238;0.5;39;311;0.03;1.8;Tr;Tr;Tr;0.75;0.07;0.11;12.43;
435;Pernil;Carnes e derivados;49.3;262;1097;32.1;13.9;110;0.0;NA;1.4;18;27;435;0.01;247;1.3;62;395;0.09;3.3;Tr;Tr;Tr;0.77;0.09;Tr;6.57;
438;Presunto;Carnes e derivados;73.9;128;535;14.4;6.8;40;1.4;NA;3.5;12;17;438;0.04;274;0.7;1021;295;0.04;1.3;Tr; ; ;0.62;0.03;Tr;3.78;
443;Salame;Carnes e derivados;34.7;398;1665;25.8;30.6;85;2.9;NA;5.9;87;30;443;0.03;354;1.3;1574;548;0.05;3.2;Tr;;;0.88;0.23;Tr;12.49;
448;Iogurte natural;Leite e derivados;90.0;51;215;4.1;3.0;14;1.9;NA;0.9;143;11;448;Tr;119;Tr;52;71;0.02;0.4;23;;;0.04;0.22;Tr;Tr;0.9
451;Iogurte sabor morango;Leite e derivados;84.6;70;291;2.7;2.3;7;9.7;0.2;0.6;101;8;451;Tr;73;Tr;38;52;0.02;0.3;27;;;0.03;0.12;0.02;Tr;Tr
453;Leite condensado;Leite e derivados;27.0;313;1308;7.7;6.7;28;57.0;NA;1.6;246;22;453;Tr;187;0.1;94;329;0.03;0.9;53;;;0.06;0.33;0.57;Tr;2.1
456;Leite desnatado em pó;Leite e derivados;3.1;362;1513;34.7;0.9;25;53.0;NA;8.2;1363;109;456;Tr;1673;0.9;432;1556;0.16;3.8;299;;;0.32;1.20;Tr;0.81;
458;Leite integral;Leite e derivados;*;*;*;*;*;10;*;NA;0.8;123;10;458;Tr;82;Tr;64;133;0.02;0.4;21;;;0.04;0.24;Tr;1.52;Tr
460;Leite fermentado;Leite e derivados;81.9;70;291;1.9;0.1;2;15.7;NA;0.5;72;6;460;0.02;63;Tr;33;94;0.01;0.3;Tr;;;0.08;0.11;Tr;Tr;0.5
461;Queijo minas;Leite e derivados;56.1;264;1106;17.4;20.2;62;3.2;NA;3.0;579;7;461;0.02;123;0.9;31;105;Tr;0.3;161;;;Tr;0.25;Tr;Tr;Tr
463;Queijo mozarela;Leite e derivados;45.3;330;1380;22.6;25.2;80;3.0;NA;3.8;875;24;463;0.03;470;0.3;581;62;0.08;3.5;109;;;Tr;0.20;Tr;Tr;
464;Queijo parmesão;Leite e derivados;21.2;453;1895;35.6;33.5;106;1.7;NA;8.0;992;33;464;0.05;745;0.5;1844;96;0.17;4.4;66;;;Tr;0.44;0.23;Tr;Tr
468;Requeijão, cremoso;Leite e derivados;62.5;257;1074;9.6;23.4;74;2.4;NA;2.0;259;12;468;0.02;448;0.1;558;93;0.05;1.3;195;;;Tr;0.19;Tr;Tr;Tr
469;Queijo ricota;Leite e derivados;73.6;140;585;12.6;8.1;49;3.8;NA;1.9;253;12;469;Tr;162;0.1;283;112;Tr;0.5;53;;;Tr;0.15;Tr;Tr;Tr
471;Café;Bebidas (alcoólicas e não alcoólicas);97.4;9;38;0.7;0.1;NA;1.5;NA;0.4;3;10;471;0.04;9;Tr;1;156;0.01;Tr;NA;;;;;;;
473;Caldo de cana;Bebidas (alcoólicas e não alcoólicas);81.7;65;273;Tr;Tr;NA;18.2;0.1;0.1;9;12;473;0.21;5;0.8;Tr;18;0.01;0.1;NA;;;Tr;Tr;0.03;Tr;2.8
474;Cerveja;Bebidas (alcoólicas e não alcoólicas);92.4;41;170;0.6;Tr;NA;3.3;NA;0.1;5;7;474;0.01;19;Tr;4;29;Tr;Tr;NA;;;Tr;Tr;0.14;2.92;Tr
476;Chá mate;Bebidas (alcoólicas e não alcoólicas);99.3;3;11;0.0;0.1;NA;0.6;NA;0.0;1;2;476;0.27;Tr;Tr;Tr;5;Tr;Tr;NA;;;0.89;Tr; ; ; 
478;Água de coco;Bebidas (alcoólicas e não alcoólicas);94.3;22;90;0.0;0.0;NA;5.3;0.1;0.5;19;5;478;0.25;4;Tr;2;162;Tr;Tr;NA;;;0.01;Tr;Tr;Tr;2.4
480;Refrigerante tipo cola;Bebidas (alcoólicas e não alcoólicas);91.3;34;140;0.0;0.0;NA;8.7;NA;0.1;1;Tr;480;Tr;17;Tr;7;1;Tr;Tr;NA;;;;;;;
481;Refrigerante tipo guaraná;Bebidas (alcoólicas e não alcoólicas);90.0;39;162;0.0;0.0;NA;10.0;NA;0.0;1;Tr;481;Tr;Tr;Tr;9;1;Tr;Tr;NA;;;;;;;
486;Clara;Ovos e derivados;85.2;59;249;13.4;0.1;NA;0.0;NA;0.7;6;11;486;Tr;15;0.1;181;146;0.03;Tr;NA;;;Tr;0.08;Tr;Tr; 
487;Gema;Ovos e derivados;50.0;353;1476;15.9;30.8;1272;1.6;NA;1.7;114;9;487;0.06;386;2.9;45;87;Tr;2.9;148;;;0.18;0.22;Tr;Tr; 
488;Ovo de galinha;Ovos e derivados;75.8;146;610;13.3;9.5;397;0.6;NA;0.8;49;11;488;0.02;184;1.5;146;139;0.04;1.2;32;;;0.08;0.30;Tr;Tr; 
492;Açúcar cristal;Produtos açucarados;0.1;387;1619;0.3;Tr;NA;99.6;NA;Tr;8;1;492; ;Tr;0.2;Tr;3; Tr;Tr;NA;;;;;;;
493;Açúcar mascavo;Produtos açucarados;3.3;369;1542;0.8;0.1;NA;94.5;NA;1.4;127;80;493;2.03;38;8.3;25;522;0.17;0.5;NA;;;Tr;0.03;Tr;Tr;Tr
495;Chocolate ao leite;Produtos açucarados;1.3;540;2258;7.2;30.3;17;59.6;2.2;1.7;191;57;495;0.30;212;1.6;77;355;0.31;1.1;Tr; ; ;0.05;0.22;0.59;0.63;Tr
498;Chocolate meio amargo;Produtos açucarados;1.0;475;1987;4.9;29.9;2;62.4;4.9;1.8;45;107;498;0.83;220;3.6;9;432;0.77;1.5;Tr;;;0.20;0.04;Tr;1.06;2.1
501;Doce de leite;Produtos açucarados;27.5;306;1282;5.5;6.0;20;59.5;NA;1.5;195;16;501;0.01;141;0.1;120;259;0.02;0.5;36;36;36;0.05;0.26;Tr;Tr;Tr
502;Geléia mocotó;Produtos açucarados;73.5;106;444;2.1;0.1;Tr;24.2;NA;0.1;4;1;502;Tr;Tr;0.1;43;2;Tr;Tr;Tr; ; ;0.19;Tr;0.22;Tr;Tr
507;Mel de abelha;Produtos açucarados;15.8;309;1294;0.0;0.0;NA;84.0;NA;0.1;10;6;507;0.38;4;0.3;6;99;Tr;0.2;NA;;;0.11;Tr;Tr;Tr;0.7
510;Rapadura;Produtos açucarados;7.1;352;1473;1.0;0.1;NA;90.8;NA;1.1;30;47;510;1.66;21;4.4;22;459;0.17;0.6;NA;;;Tr;Tr;0.04;Tr;Tr
515;Gelatina, sabores variados, pó;Outros alimentos industrializados;1.2;380;1591;8.9;Tr;NA;89.2;NA;0.6;27;2;515;0.03;2;0.3;235;7;Tr;Tr;NA;;;Tr;Tr;Tr;Tr;40.0
522;Chantilly;Outros alimentos industrializados;55.1;315;1318;0.5;27.3;Tr;16.9;NA;0.2;2;1;522;Tr;16;
524;Maionese tradicional com ovos;Outros alimentos industrializados;58.4;302;1264;0.6;30.5;42;7.9;NA;2.6;3;1;524;Tr;14;0.1;787;Tr;110;5;0.01;0.1;Tr; ; ;0.07;Tr;Tr;Tr;
525;Acarajé;Alimentos preparados;50.5;289;1210;8.3;19.9;25;19.1;9.4;2.1;124;51;525;0.59;142;1.9;305;354;0.23;1.2;Tr;;;0.06;Tr;Tr;Tr; 
527;Baião de dois;Alimentos preparados;69.1;136;568;6.2;3.2;4;20.4;5.1;1.1;33;19;527;0.27;72;0.6;93;157;0.08;0.6;Tr;;;0.04;Tr;0.04;Tr;Tr
529;Bife à cavalo com contra filé;Alimentos preparados;54.2;291;1219;23.7;21.1;257;0.0;NA;1.1;26;19;529;0.02;216;2.1;83;272;0.06;3.2;37;;;0.05;0.10;Tr;2.92;
537;Estrogonofe de carne;Alimentos preparados;70.1;173;724;15.0;10.8;66;3.0;;1.1;28;22;537;0.03;186;2.7;123;322;0.14;2.0;28;;;0.06;0.05;Tr;3.25;Tr
538;Estrogonofe de frango;Alimentos preparados;70.9;157;656;17.6;8.0;80;2.6;;1.0;26;25;538;0.03;195;1.5;99;307;0.12;0.6;28;;;0.07;0.04;0.03;3.37;Tr
540;Feijoada;Alimentos preparados;71.8;117;489;8.7;6.5;22;11.6;5.1;1.4;32;32;540;0.24;105;1.3;278;303;0.15;0.8;Tr; ; ;0.08;0.03;Tr;0.93;Tr
542;Macarrão a molho bolognesa;Alimentos preparados;71.4;120;500;4.9;0.9;7;22.5;0.8;0.2;11;10;542;0.22;54;1.4;9;84;0.09;0.8;Tr;;;0.04;Tr;Tr;1.44;Tr
551;Tapioca;Alimentos preparados;24.9;348;1455;0.1;10.9;31;63.6;Tr;0.5;30;3;551;0.06;8;0.2;158;19;0.01;0.0;75;;;Tr;Tr;Tr;Tr;Tr
556;Yakisoba;Alimentos preparados;69.4;113;472;7.5;2.6;NA;18.3;1.1;2.2;14;13;556;0.15;83;0.6;794;159;0.06;0.7;NA;62;31;0.16;Tr;Tr;2.09;Tr
557;Amendoim;Leguminosas e derivados;6.4;544;2276;27.2;43.9;NA;20.3;8.0;2.2;Tr;171;557;1.96;407;2.5;Tr;580;0.78;3.2;NA;;;0.10;0.03;0.76;10.18;Tr
558;Amendoim torrado, salgado;Leguminosas e derivados;1.7;606;2535;22.5;54.0;NA;18.7;7.8;3.2;39;159;558;1.70;261;1.3;376;496;0.68;2.1;NA;;;0.08;Tr;0.21;7.47;Tr
561;Feijão carioca;Leguminosas e derivados;80.4;76;320;4.8;0.5;NA;13.6;8.5;0.7;27;42;561;0.28;87;1.3;2;255;0.19;0.7;NA;;;0.04;Tr;Tr;Tr;Tr
563;Feijão fradinho;Leguminosas e derivados;80.0;78;326;5.1;0.6;NA;13.5;7.5;0.8;17;38;563;0.53;85;1.1;1;253;0.10;1.1;NA;;;0.12;Tr;Tr;Tr;Tr
565;Feijão jalo;Leguminosas e derivados;75.8;93;388;6.1;0.5;NA;16.5;13.9;1.0;29;44;565;0.32;121;1.9;1;348;0.24;1.0;NA;;;0.13;Tr;0.04;Tr;Tr
567;Feijão preto;Leguminosas e derivados;80.2;77;322;4.5;0.5;NA;14.0;8.4;0.8;29;40;567;0.37;88;1.5;2;256;0.20;0.7;NA;;;0.06;Tr;0.03;Tr;Tr
575;Grão-de-bico;Leguminosas e derivados;12.3;355;1484;21.2;5.4;NA;57.9;12.4;3.2;114;146;575;3.16;342;5.4;5;1116;0.67;3.2;NA;;;0.52;Tr;0.75;Tr;Tr
576;Guandu;Leguminosas e derivados;11.4;344;1440;19.0;2.1;NA;64.0;21.3;3.5;129;166;576;1.02;269;1.9;2;1215;0.57;2.0;NA;;;1.06;Tr;0.07;2.69;1.5
577;Lentilha cozida;Leguminosas e derivados;76.3;93;388;6.3;0.5;NA;16.3;7.9;0.6;16;22;577;0.29;104;1.5;1;220;0.17;1.1;NA;;;0.03;Tr;Tr;Tr;Tr
578;Lentilha crua;Leguminosas e derivados;11.5;339;1419;23.2;0.8;NA;62.0;16.9;2.6;54;94;578;1.08;368;7.0;Tr;887;0.83;3.5;NA; ; ;0.11;Tr;0.42;5.07; 
582;Soja;Leguminosas e derivados;91.3;39;164;2.4;1.6;NA;4.3;0.4;0.5;17;15;582;0.15;53;0.4;57;121;0.08;0.3;NA;;;Tr;Tr;Tr;Tr;Tr
579;Paçoca;Leguminosas e derivados;1.8;487;2037;16.0;26.1;NA;52.4;7.3;3.8;22;101;579;1.06;198;1.1;167;348;0.38;1.6;NA;;;Tr;Tr;1.20;Tr;Tr
580;Pé-de-moleque;Leguminosas e derivados;2.9;503;2105;13.2;28.0;NA;54.7;3.4;1.1;27;108;580;1.09;171;1.3;16;355;0.43;1.4;NA;;;0.04;0.03;0.11;5.94;Tr
587;Amêndoa;Nozes e sementes;3.1;581;2430;18.6;47.3;NA;29.5;11.6;1.5;237;222;587;1.95;493;3.1;279;640;0.93;2.6;NA;;;0.29;0.16;Tr;Tr;Tr
588;Castanha-de-caju;Nozes e sementes;3.5;570;2386;18.5;46.3;NA;29.1;3.7;2.6;33;237;588;1.59;594;5.2;125;671;1.92;4.7;NA;;;0.29;0.05;0.39;Tr;Tr
589;Castanha-do-Brasil;Nozes e sementes;3.5;643;2690;14.5;63.5;NA;15.1;7.9;3.4;146;365;589;1.10;853;2.3;1;651;1.79;4.2;NA;;;0.30;Tr;0.44;Tr;Tr
590;Coco;Nozes e sementes;43.0;406;1701;3.7;42.0;NA;10.4;5.4;1.0;6;51;590;1.00;118;1.8;15;354;0.45;0.9;NA;;;Tr;Tr;0.03;Tr;2.5
593;Gergelim;Nozes e sementes;3.9;584;2442;21.2;50.4;NA;21.6;11.9;2.9;825;361;593;2.67;741;5.4;3;546;1.51;5.2;NA;;;0.94;Tr;0.13;5.92;Tr
594;Linhaça;Nozes e sementes;6.7;495;2072;14.1;32.3;NA;43.3;33.5;3.7;211;347;594;2.81;615;4.7;9;869;1.09;4.4;NA;;;0.12;Tr;0.13;Tr;Tr
597;Noz;Nozes e sementes;6.2;620;2594;14.0;59.4;NA;18.4;7.2;2.1;105;153;597;4.05;396;2.0;5;533;0.75;2.1;NA;;;0.38;Tr;0.13;1.08;Tr
595;Pinhão;Nozes e sementes;50.5;174;730;3.0;0.7;NA;43.9;15.6;1.8;16;53;595;0.41;166;0.8;1;727;0.18;0.8;NA;;;Tr;Tr;Tr;Tr;27.7
596;Pupunha;Nozes e sementes;54.5;219;914;2.5;12.8;NA;29.6;4.3;0.7;28;25;596;0.13;49;0.5;1;303;0.28;0.3;NA;875;438;Tr;0.09;0.03;Tr;2.2
592;Farinha de mesocarpo de babaçu;Nozes e sementes;15.8;329;1376;1.4;0.2;NA;79.2;17.9;3.4;61;39;592;0.38;26;18.3;12;362;0.22;0.3;NA;;;Tr;Tr;Tr;2.58;Tr